Sample,k__Bacteria|p__Firmicutes,k__Bacteria|p__Actinobacteria,k__Bacteria|p__Bacteroidetes,k__Archaea|p__Euryarchaeota,k__Bacteria|p__Verrucomicrobia,k__Bacteria|p__Proteobacteria,Disease_state
LiJ_2017.metaphlan_bugs_list.stool:nHF409542,11.7215,0.26796,71.86891,0,0,16.13961,Healthy
LiJ_2017.metaphlan_bugs_list.stool:nHF411719,26.88538,3.46141,68.29209,0,0,1.35655,Healthy
LiJ_2017.metaphlan_bugs_list.stool:nHF411741,14.84075,0.16755,83.63257,0,0,1.35752,Healthy
LiJ_2017.metaphlan_bugs_list.stool:nHF511704,16.8699,0.19014,32.11486,0,0,50.81555,Healthy
LiJ_2017.metaphlan_bugs_list.stool:nHF512818,51.85527,0.41556,42.98642,0,0,4.7284,Healthy
LiJ_2017.metaphlan_bugs_list.stool:nHF512829,6.937,15.22807,63.51934,0,9.29544,3.00316,Healthy
LiJ_2017.metaphlan_bugs_list.stool:nHF611623,49.03575,3.27916,46.10864,0,0.27405,0.87868,Healthy
LiJ_2017.metaphlan_bugs_list.stool:nHF611710,33.684,0.27391,64.64908,0,0,1.38062,Healthy
LiJ_2017.metaphlan_bugs_list.stool:nHF612722,11.53644,0.67792,75.97302,0,4.69574,6.99285,Healthy
LiJ_2017.metaphlan_bugs_list.stool:nHM410714,10.30905,1.62337,85.33388,0,0,2.71874,Healthy
LiJ_2017.metaphlan_bugs_list.stool:nHM410727,11.853,0.1866,83.83072,0,0,4.11128,Healthy
LiJ_2017.metaphlan_bugs_list.stool:nHM410833,29.64374,0.82828,53.35091,0,0,16.0591,Healthy
LiJ_2017.metaphlan_bugs_list.stool:nHM411801,14.88055,14.52037,1.35942,0,0,69.20896,Healthy
LiJ_2017.metaphlan_bugs_list.stool:nHM412703,32.77686,1.63673,57.41151,0,0.39238,7.78252,Healthy
LiJ_2017.metaphlan_bugs_list.stool:nHM412716,35.73212,0.24877,57.07991,0,0,6.93921,Healthy
LiJ_2017.metaphlan_bugs_list.stool:nHM412839,39.41628,3.50986,28.91446,0,0,28.1594,Healthy
LiJ_2017.metaphlan_bugs_list.stool:nHM412844,32.91241,0.84474,52.90512,0,0,13.33774,Healthy
LiJ_2017.metaphlan_bugs_list.stool:nHM510732,41.05803,1.00081,39.17234,0,0,17.84257,Healthy
LiJ_2017.metaphlan_bugs_list.stool:nHM510737,6.93453,0.10288,92.06658,0,0,0.896,Healthy
LiJ_2017.metaphlan_bugs_list.stool:nHM510831,58.20288,0.78354,40.31064,0,0,0.69994,Healthy
LiJ_2017.metaphlan_bugs_list.stool:nHM511615,68.34761,8.77353,18.20816,0,0,4.6707,Healthy
LiJ_2017.metaphlan_bugs_list.stool:nHM511712,45.23964,2.09291,24.80638,0,16.69073,11.12664,Healthy
LiJ_2017.metaphlan_bugs_list.stool:nHM511717,31.37437,9.55522,13.56387,0.00949,0,45.49704,Healthy
LiJ_2017.metaphlan_bugs_list.stool:nHM511720,65.00163,1.36798,30.58761,0,0,3.04074,Healthy
LiJ_2017.metaphlan_bugs_list.stool:nHM511730,32.91687,1.27138,62.57157,0,0,3.24017,Healthy
LiJ_2017.metaphlan_bugs_list.stool:nHM511735,47.32751,0.02693,33.28447,0,0,19.35594,Healthy
LiJ_2017.metaphlan_bugs_list.stool:nHM511738,29.54226,0.37287,66.36341,0,0.32502,3.39644,Healthy
LiJ_2017.metaphlan_bugs_list.stool:nHM511813,17.97867,0.03286,80.77318,0,0,1.20961,Healthy
LiJ_2017.metaphlan_bugs_list.stool:nHM511821,34.78373,2.30639,24.39202,0,0,38.51213,Healthy
LiJ_2017.metaphlan_bugs_list.stool:nHM512705,26.51278,0.21883,62.40009,0,1.16755,8.2864,Healthy
LiJ_2017.metaphlan_bugs_list.stool:nHM512802,12.3314,0.78081,86.23343,0,0.00078,0.64947,Healthy
LiJ_2017.metaphlan_bugs_list.stool:nHM512806,6.54194,0.2161,16.14073,0,0,5.14187,Healthy
LiJ_2017.metaphlan_bugs_list.stool:nHM512811,34.78262,0.07507,62.33089,0,0.017,2.79442,Healthy
LiJ_2017.metaphlan_bugs_list.stool:nHM512828,14.80722,0.03859,79.07173,0,0,6.07767,Healthy
LiJ_2017.metaphlan_bugs_list.stool:nHM512834,80.36671,3.02352,13.1929,0,0,3.38358,Healthy
LiJ_2017.metaphlan_bugs_list.stool:nHM611708,26.86399,4.5293,56.16234,0,0,12.42054,Healthy
LiJ_2017.metaphlan_bugs_list.stool:nHM612607,61.11089,2.68962,34.65014,0,0.12507,1.39012,Healthy
LiJ_2017.metaphlan_bugs_list.stool:nHM612709,34.40111,6.74812,1.83574,0,0,57.0012,Healthy
LiJ_2017.metaphlan_bugs_list.stool:nHM612724,35.05161,3.94434,44.39193,0,4.03128,12.58084,Healthy
LiJ_2017.metaphlan_bugs_list.stool:nHM612743,29.60138,0.4187,55.14782,0,0,14.81984,Healthy
LiJ_2017.metaphlan_bugs_list.stool:nHMX11726,15.80921,0.06009,82.43181,0,0.32003,1.12785,Healthy
JieZ_2017.metaphlan_bugs_list.stool:SAMEA104142087,30.7133,0.02527,39.15682,0,0,1.4615,Healthy
JieZ_2017.metaphlan_bugs_list.stool:SAMEA104142088,17.31936,23.76007,57.86883,0,0,0.99874,Healthy
JieZ_2017.metaphlan_bugs_list.stool:SAMEA104142089,64.79149,7.77438,26.33954,0,0.15229,0.93386,Healthy
JieZ_2017.metaphlan_bugs_list.stool:SAMEA104142097,40.01532,3.78326,54.25766,0,1.06022,0.85968,Healthy
JieZ_2017.metaphlan_bugs_list.stool:SAMEA104142098,57.37999,0.86604,39.05803,0,0.0025,2.60518,Healthy
JieZ_2017.metaphlan_bugs_list.stool:SAMEA104142099,36.66026,0.41255,60.35737,0,0,1.90203,Healthy
JieZ_2017.metaphlan_bugs_list.stool:SAMEA104142103,62.17011,3.30846,33.57205,0,0.10074,0.83357,Healthy
JieZ_2017.metaphlan_bugs_list.stool:SAMEA104142104,74.01455,2.81286,20.9151,0,0,2.17684,Healthy
JieZ_2017.metaphlan_bugs_list.stool:SAMEA104142105,84.87348,12.91043,1.63136,0,0,0.41682,Healthy
JieZ_2017.metaphlan_bugs_list.stool:SAMEA104142100,24.05005,7.87172,65.11482,0.00327,0,2.95309,Healthy
JieZ_2017.metaphlan_bugs_list.stool:SAMEA104142106,63.72787,6.97206,10.64062,0,0,18.60872,Healthy
JieZ_2017.metaphlan_bugs_list.stool:SAMEA104142107,14.59442,5.96585,75.14385,0,0,3.67917,Healthy
JieZ_2017.metaphlan_bugs_list.stool:SAMEA104142102,72.64402,3.75001,16.97702,0,4.27173,1.88754,Healthy
JieZ_2017.metaphlan_bugs_list.stool:SAMEA104142110,62.53278,1.24218,34.52056,0.00181,0,1.66734,Healthy
JieZ_2017.metaphlan_bugs_list.stool:SAMEA104142072,49.23852,0.8131,48.8242,0,0,1.1014,Healthy
JieZ_2017.metaphlan_bugs_list.stool:SAMEA104142073,74.49719,7.43764,8.82176,0,0,9.19405,Healthy
JieZ_2017.metaphlan_bugs_list.stool:SAMEA104142074,71.33868,1.47465,26.22534,0,0,0.93253,Healthy
JieZ_2017.metaphlan_bugs_list.stool:SAMEA104142111,56.17342,1.47751,38.81827,0,0,1.29316,Healthy
JieZ_2017.metaphlan_bugs_list.stool:SAMEA104142112,52.39,2.21034,35.67751,0,0.29761,9.2238,Healthy
JieZ_2017.metaphlan_bugs_list.stool:SAMEA104142113,65.27805,0.27323,30.82719,0,0,2.601,Healthy
JieZ_2017.metaphlan_bugs_list.stool:SAMEA104142114,43.688,0.48767,54.09229,0,0,1.70407,Healthy
JieZ_2017.metaphlan_bugs_list.stool:SAMEA104142115,54.20684,3.51271,40.00226,0,0,1.88177,Healthy
JieZ_2017.metaphlan_bugs_list.stool:SAMEA104142116,60.19629,0.43252,37.52008,0.7282,0,1.0929,Healthy
JieZ_2017.metaphlan_bugs_list.stool:SAMEA104142117,51.88238,11.41949,34.95755,0,0,1.72369,Healthy
JieZ_2017.metaphlan_bugs_list.stool:SAMEA104142118,54.3558,26.64191,16.60944,0,0,2.11601,Healthy
JieZ_2017.metaphlan_bugs_list.stool:SAMEA104142119,37.71007,0.61995,59.4279,0,0,1.87798,Healthy
JieZ_2017.metaphlan_bugs_list.stool:SAMEA104142075,59.57738,4.30035,32.80246,0.47563,0,2.7826,Healthy
JieZ_2017.metaphlan_bugs_list.stool:SAMEA104142120,82.98056,8.46003,7.70787,0,0.00572,0.8272,Healthy
JieZ_2017.metaphlan_bugs_list.stool:SAMEA104142121,12.25297,2.09668,53.48414,0,29.58413,1.55038,Healthy
JieZ_2017.metaphlan_bugs_list.stool:SAMEA104142122,68.14289,0.89791,27.92173,0,0.00306,1.72098,Healthy
JieZ_2017.metaphlan_bugs_list.stool:SAMEA104142076,40.59251,0.66229,53.71359,0,0,4.97076,Healthy
JieZ_2017.metaphlan_bugs_list.stool:SAMEA104142123,56.58904,1.23113,40.23412,0,0,1.9282,Healthy
JieZ_2017.metaphlan_bugs_list.stool:SAMEA104142124,74.85285,2.45082,21.86039,0,0,0.82912,Healthy
JieZ_2017.metaphlan_bugs_list.stool:SAMEA104142125,70.74552,2.30366,25.2187,0,0.00264,0.62221,Healthy
JieZ_2017.metaphlan_bugs_list.stool:SAMEA104142126,78.08941,12.69794,9.0749,0,0.02193,0.09548,Healthy
JieZ_2017.metaphlan_bugs_list.stool:SAMEA104142127,45.9987,11.92034,34.67595,0.08668,0.69383,6.59529,Healthy
JieZ_2017.metaphlan_bugs_list.stool:SAMEA104142128,33.62334,1.65984,56.15985,0,4.52073,2.48212,Healthy
JieZ_2017.metaphlan_bugs_list.stool:SAMEA104142129,40.69815,1.98532,52.20848,0,0,2.87098,Healthy
JieZ_2017.metaphlan_bugs_list.stool:SAMEA104142130,45.24249,1.68558,52.60657,0,0.05557,0.40979,Healthy
JieZ_2017.metaphlan_bugs_list.stool:SAMEA104142131,70.92168,6.09393,20.358,0,0,2.25588,Healthy
JieZ_2017.metaphlan_bugs_list.stool:SAMEA104142132,26.91395,1.88459,70.71602,0,0,0.46334,Healthy
JieZ_2017.metaphlan_bugs_list.stool:SAMEA104142133,51.88396,5.60522,32.73679,0,0,9.30463,Healthy
JieZ_2017.metaphlan_bugs_list.stool:SAMEA104142134,57.77937,3.13124,35.39632,0,0,3.58831,Healthy
JieZ_2017.metaphlan_bugs_list.stool:SAMEA104142135,43.53634,1.45761,53.86139,0,0,0.99759,Healthy
JieZ_2017.metaphlan_bugs_list.stool:SAMEA104142136,70.65014,0.69217,28.38104,0,0,0.25283,Healthy
JieZ_2017.metaphlan_bugs_list.stool:SAMEA104142137,39.6137,3.9394,55.61188,0,0,0.82348,Healthy
JieZ_2017.metaphlan_bugs_list.stool:SAMEA104142138,33.57616,0.35524,54.74697,0,0.00079,7.28181,Healthy
JieZ_2017.metaphlan_bugs_list.stool:SAMEA104142139,74.4438,0.44318,20.16051,0,0,3.4024,Healthy
JieZ_2017.metaphlan_bugs_list.stool:SAMEA104142140,64.65388,12.2851,22.06005,0,0,0.98439,Healthy
JieZ_2017.metaphlan_bugs_list.stool:SAMEA104142141,28.39317,2.96697,66.88527,0,0,1.65386,Healthy
JieZ_2017.metaphlan_bugs_list.stool:SAMEA104142142,46.64579,17.65493,35.06235,0,0.03272,0.563,Healthy
JieZ_2017.metaphlan_bugs_list.stool:SAMEA104142143,36.0174,3.8113,37.52166,0,0,15.71397,Healthy
JieZ_2017.metaphlan_bugs_list.stool:SAMEA104142144,79.72764,0.55913,18.21354,0,0,0.5682,Healthy
JieZ_2017.metaphlan_bugs_list.stool:SAMEA104142145,33.42508,0.78258,64.72959,0.34373,0,0.69326,Healthy
JieZ_2017.metaphlan_bugs_list.stool:SAMEA104142146,56.83755,13.92357,17.97209,0,8.14573,3.0857,Healthy
JieZ_2017.metaphlan_bugs_list.stool:SAMEA104142147,55.37931,0.19797,41.66184,0,0.0016,2.62655,Healthy
JieZ_2017.metaphlan_bugs_list.stool:SAMEA104142148,31.43197,6.19055,53.87364,0.00238,7.35425,1.12675,Healthy
JieZ_2017.metaphlan_bugs_list.stool:SAMEA104142149,80.40773,7.27135,9.60837,0,0.01507,2.03515,Healthy
JieZ_2017.metaphlan_bugs_list.stool:SAMEA104142150,26.32746,0.1009,49.3537,0,0,22.60481,Healthy
JieZ_2017.metaphlan_bugs_list.stool:SAMEA104142151,66.09271,4.09375,28.4436,0,0,1.33576,Healthy
JieZ_2017.metaphlan_bugs_list.stool:SAMEA104142152,74.77246,1.6883,23.20295,0,0,0.31393,Healthy
JieZ_2017.metaphlan_bugs_list.stool:SAMEA104142153,34.47578,0.53348,59.42684,0,1.89329,3.65295,Healthy
JieZ_2017.metaphlan_bugs_list.stool:SAMEA104142077,50.06787,9.11213,32.62654,0,0.63519,7.35764,Healthy
JieZ_2017.metaphlan_bugs_list.stool:SAMEA104142078,80.56219,0.41442,13.74536,0,0,5.19853,Healthy
JieZ_2017.metaphlan_bugs_list.stool:SAMEA104142210,56.00356,0.99249,31.85834,0,0,10.87556,Healthy
JieZ_2017.metaphlan_bugs_list.stool:SAMEA104142211,43.87493,1.11286,50.39113,0,0,2.6463,Healthy
JieZ_2017.metaphlan_bugs_list.stool:SAMEA104142218,53.84089,6.63695,36.63444,0,0,2.72551,Healthy
JieZ_2017.metaphlan_bugs_list.stool:SAMEA104142212,12.41049,0.9143,83.2597,0,0.01245,3.23284,Healthy
JieZ_2017.metaphlan_bugs_list.stool:SAMEA104142219,24.97389,0.2588,57.24851,0,0.00016,12.80458,Healthy
JieZ_2017.metaphlan_bugs_list.stool:SAMEA104142213,39.09472,7.89053,48.94947,0,0,4.02835,Healthy
JieZ_2017.metaphlan_bugs_list.stool:SAMEA104142220,56.77299,1.55965,36.87937,0,0,4.72683,Healthy
JieZ_2017.metaphlan_bugs_list.stool:SAMEA104142214,39.59307,0.69696,55.69229,0,0,3.57029,Healthy
JieZ_2017.metaphlan_bugs_list.stool:SAMEA104142215,54.8714,1.35235,29.53191,0,7.69861,6.09403,Healthy
JieZ_2017.metaphlan_bugs_list.stool:SAMEA104142217,46.90204,2.33594,18.16709,0.76181,0,31.81643,Healthy
JieZ_2017.metaphlan_bugs_list.stool:SAMEA104142221,17.35682,0.16944,79.83818,0,0,2.62829,Healthy
JieZ_2017.metaphlan_bugs_list.stool:SAMEA104142216,16.63812,0.22512,33.22266,0,0,22.17409,Healthy
JieZ_2017.metaphlan_bugs_list.stool:SAMEA104142223,25.18495,1.87172,59.47131,0,0.00433,8.33459,Healthy
JieZ_2017.metaphlan_bugs_list.stool:SAMEA104142409,47.92939,0.31347,48.23584,0,0.41521,3.10609,Healthy
JieZ_2017.metaphlan_bugs_list.stool:SAMEA104142448,39.09495,3.87673,56.04403,0,0,0.98428,Healthy
JieZ_2017.metaphlan_bugs_list.stool:SAMEA104142408,48.66798,0.67945,38.57031,0,0.0088,12.03606,Healthy
JieZ_2017.metaphlan_bugs_list.stool:SAMEA104142407,54.27629,3.87425,40.50957,0,0.396,0.94389,Healthy
JieZ_2017.metaphlan_bugs_list.stool:SAMEA104142406,53.53993,0.9491,42.49417,0,0.48079,2.51941,Healthy
JieZ_2017.metaphlan_bugs_list.stool:SAMEA104142405,25.42472,16.4789,51.32729,0,0,6.01419,Healthy
JieZ_2017.metaphlan_bugs_list.stool:SAMEA104142404,52.82942,4.26207,31.18984,0,0,11.71868,Healthy
JieZ_2017.metaphlan_bugs_list.stool:SAMEA104142402,42.25148,1.56782,37.89065,0.11907,0.05136,12.51405,Healthy
JieZ_2017.metaphlan_bugs_list.stool:SAMEA104142401,37.92103,0.27447,57.98951,0.0103,0.16002,3.64,Healthy
JieZ_2017.metaphlan_bugs_list.stool:SAMEA104142400,29.53088,0.41917,64.62371,0,0,2.57636,Healthy
JieZ_2017.metaphlan_bugs_list.stool:SAMEA104142398,53.53819,0.77679,38.95781,0.06026,5.71121,0.95574,Healthy
JieZ_2017.metaphlan_bugs_list.stool:SAMEA104142397,34.98095,0.69237,54.88529,0.0041,6.90114,2.52821,Healthy
JieZ_2017.metaphlan_bugs_list.stool:SAMEA104142225,14.45853,0.97463,38.76017,0,0,45.74403,Healthy
JieZ_2017.metaphlan_bugs_list.stool:SAMEA104142395,22.39225,0.66075,53.45179,0,0.05027,23.39542,Healthy
JieZ_2017.metaphlan_bugs_list.stool:SAMEA104142452,40.07159,0.20518,58.40185,0,0,1.31565,Healthy
JieZ_2017.metaphlan_bugs_list.stool:SAMEA104142451,79.64816,4.54825,14.88477,0,0,0.79811,Healthy
JieZ_2017.metaphlan_bugs_list.stool:SAMEA104142226,50.67331,13.3199,20.64818,0,0,15.22272,Healthy
JieZ_2017.metaphlan_bugs_list.stool:SAMEA104142391,37.88121,0.6934,57.01497,0,0,4.34978,Healthy
JieZ_2017.metaphlan_bugs_list.stool:SAMEA104142390,17.09095,28.49094,39.54033,0,0,13.44639,Healthy
JieZ_2017.metaphlan_bugs_list.stool:SAMEA104142388,60.9946,3.30741,34.43544,0,0.02981,1.19346,Healthy
JieZ_2017.metaphlan_bugs_list.stool:SAMEA104142387,18.29789,0.88583,77.34238,0,0,3.1833,Healthy
JieZ_2017.metaphlan_bugs_list.stool:SAMEA104142386,24.88975,6.16011,68.02277,0,0.15162,0.76871,Healthy
JieZ_2017.metaphlan_bugs_list.stool:SAMEA104142385,71.89863,3.17921,20.55027,0.43683,0.30875,3.62494,Healthy
JieZ_2017.metaphlan_bugs_list.stool:SAMEA104142384,49.68159,1.38963,46.36807,0,0,2.53786,Healthy
JieZ_2017.metaphlan_bugs_list.stool:SAMEA104142383,7.86618,0.82908,57.4328,0,0,25.38009,Healthy
JieZ_2017.metaphlan_bugs_list.stool:SAMEA104142382,41.28142,2.03445,51.75697,0,0.07328,4.83293,Healthy
JieZ_2017.metaphlan_bugs_list.stool:SAMEA104142381,73.57601,7.54689,17.82603,0,0,0.7269,Healthy
JieZ_2017.metaphlan_bugs_list.stool:SAMEA104142380,35.77163,2.86419,54.32885,0,1.89522,5.14011,Healthy
JieZ_2017.metaphlan_bugs_list.stool:SAMEA104142379,51.92714,0.06513,47.24344,0,0,0.74527,Healthy
JieZ_2017.metaphlan_bugs_list.stool:SAMEA104142472,71.04143,2.12982,22.54037,0.00481,0.00343,3.90578,Healthy
JieZ_2017.metaphlan_bugs_list.stool:SAMEA104142378,31.25782,1.2076,60.14491,0,0,2.01906,Healthy
JieZ_2017.metaphlan_bugs_list.stool:SAMEA104142377,26.12,0.16862,71.274,0,0,1.34433,Healthy
JieZ_2017.metaphlan_bugs_list.stool:SAMEA104142376,24.87523,0.55047,69.92448,0,0,2.07463,Healthy
JieZ_2017.metaphlan_bugs_list.stool:SAMEA104142375,38.99095,0.8049,57.47852,0,0,2.17177,Healthy
JieZ_2017.metaphlan_bugs_list.stool:SAMEA104142227,46.84088,0.19553,50.45871,0,0,2.31687,Healthy
JieZ_2017.metaphlan_bugs_list.stool:SAMEA104142228,40.98751,0.19771,50.02616,0,0,8.693,Healthy
JieZ_2017.metaphlan_bugs_list.stool:SAMEA104142229,59.28604,3.22377,35.53603,0,0.00136,1.9291,Healthy
JieZ_2017.metaphlan_bugs_list.stool:SAMEA104142230,35.36271,0.36509,45.98046,0.03498,6.49038,8.4287,Healthy
JieZ_2017.metaphlan_bugs_list.stool:SAMEA104142231,40.42264,7.92195,46.81557,0,0.21169,4.43533,Healthy
JieZ_2017.metaphlan_bugs_list.stool:SAMEA104142232,46.86391,2.94711,34.47053,0.00196,0.00023,14.51225,Healthy
JieZ_2017.metaphlan_bugs_list.stool:SAMEA104142233,42.43542,13.21453,42.95348,0,0,1.35313,Healthy
JieZ_2017.metaphlan_bugs_list.stool:SAMEA104142234,32.20198,16.47393,46.75167,0,3.06679,1.50564,Healthy
JieZ_2017.metaphlan_bugs_list.stool:SAMEA104142235,37.29214,11.17054,50.67079,0,0.08728,0.76718,Healthy
JieZ_2017.metaphlan_bugs_list.stool:SAMEA104142236,45.21818,13.00982,32.80006,0,0,8.91387,Healthy
JieZ_2017.metaphlan_bugs_list.stool:SAMEA104142222,31.09769,0.30804,63.3686,0.00211,0,5.20969,Healthy
JieZ_2017.metaphlan_bugs_list.stool:SAMEA104142334,42.61973,2.24844,53.24554,1.36282,0.00758,0.51102,Healthy
JieZ_2017.metaphlan_bugs_list.stool:SAMEA104142335,38.3656,0.61406,49.89646,0,0.18239,10.93391,Healthy
JieZ_2017.metaphlan_bugs_list.stool:SAMEA104142333,42.26304,5.3109,47.77751,0,3.23876,1.40978,Healthy
JieZ_2017.metaphlan_bugs_list.stool:SAMEA104142329,29.84189,2.26641,64.45517,0,0,3.4243,Healthy
JieZ_2017.metaphlan_bugs_list.stool:SAMEA104142328,28.56591,0.19315,68.29877,0,0,2.92848,Healthy
JieZ_2017.metaphlan_bugs_list.stool:SAMEA104142339,37.13954,3.49201,56.73682,0,0,1.79052,Healthy
JieZ_2017.metaphlan_bugs_list.stool:SAMEA104142341,30.12793,0.47211,66.79401,0,0,2.5908,Healthy
JieZ_2017.metaphlan_bugs_list.stool:SAMEA104142337,20.40849,2.29977,70.37263,0,0,6.60416,Healthy
JieZ_2017.metaphlan_bugs_list.stool:SAMEA104142327,66.79524,1.42849,30.73668,0,0,1.01889,Healthy
JieZ_2017.metaphlan_bugs_list.stool:SAMEA104142330,26.80208,0.40723,42.91467,0,0,1.25144,Healthy
JieZ_2017.metaphlan_bugs_list.stool:SAMEA104142331,46.55602,0.08891,51.49433,0,0.25484,1.60242,Healthy
JieZ_2017.metaphlan_bugs_list.stool:SAMEA104142326,30.86617,1.28262,64.9041,0,0.15133,1.36268,Healthy
JieZ_2017.metaphlan_bugs_list.stool:SAMEA104142332,39.83441,1.37959,51.01061,0,0.06163,7.39689,Healthy
JieZ_2017.metaphlan_bugs_list.stool:SAMEA104142325,14.87839,0.3705,80.87191,0,0,3.33723,Healthy
JieZ_2017.metaphlan_bugs_list.stool:SAMEA104142336,69.4437,1.28469,23.50186,0,0,4.27695,Healthy
JieZ_2017.metaphlan_bugs_list.stool:SAMEA104142338,15.46979,1.18202,73.259,0,0,5.82887,Healthy
JieZ_2017.metaphlan_bugs_list.stool:SAMEA104142340,28.91159,0.49772,68.33816,0,0,1.94072,Healthy
JieZ_2017.metaphlan_bugs_list.stool:SAMEA104142342,18.5689,1.21053,75.90286,0,0,4.0556,Healthy
JieZ_2017.metaphlan_bugs_list.stool:SAMEA104142343,46.64172,1.07039,50.7226,0,0,1.45494,Healthy
JieZ_2017.metaphlan_bugs_list.stool:SAMEA104142344,11.4408,2.25612,80.97884,0,0,5.2857,Healthy
JieZ_2017.metaphlan_bugs_list.stool:SAMEA104142345,23.04312,0.35684,75.89393,0,0,0.70611,Healthy
JieZ_2017.metaphlan_bugs_list.stool:SAMEA104142346,10.78426,0.1306,77.54497,0,0.00055,9.79025,Healthy
JieZ_2017.metaphlan_bugs_list.stool:SAMEA104142347,51.18203,3.17307,43.38348,0,0,2.23112,Healthy
JieZ_2017.metaphlan_bugs_list.stool:SAMEA104142348,10.9053,0.27854,66.83212,0,0.00054,21.0701,Healthy
JieZ_2017.metaphlan_bugs_list.stool:SAMEA104142349,13.35558,0.19964,83.47625,0.23394,0,1.50914,Healthy
JieZ_2017.metaphlan_bugs_list.stool:SAMEA104142350,23.49709,5.33793,67.10368,0,0.53525,2.90266,Healthy
JieZ_2017.metaphlan_bugs_list.stool:SAMEA104142351,40.18793,1.06716,51.23593,0.59172,2.09649,2.88156,Healthy
JieZ_2017.metaphlan_bugs_list.stool:SAMEA104142352,22.91438,0.67074,74.2257,0,0,1.3798,Healthy
JieZ_2017.metaphlan_bugs_list.stool:SAMEA104142353,40.64321,0.51032,56.02504,0,0.63165,0.52142,Healthy
JieZ_2017.metaphlan_bugs_list.stool:SAMEA104142354,12.55689,1.9215,82.17147,0,0,1.19176,Healthy
JieZ_2017.metaphlan_bugs_list.stool:SAMEA104142355,21.92445,4.71217,70.18733,0,0,3.14319,Healthy
JieZ_2017.metaphlan_bugs_list.stool:SAMEA104142356,5.88081,3.08247,89.54033,0,0,0.97252,Healthy
JieZ_2017.metaphlan_bugs_list.stool:SAMEA104142357,45.25972,2.57929,49.3645,0.00264,0,2.20623,Healthy
JieZ_2017.metaphlan_bugs_list.stool:SAMEA104142358,18.29223,0.24367,79.32906,0.01104,0,1.27982,Healthy
JieZ_2017.metaphlan_bugs_list.stool:SAMEA104142359,15.34069,0.15618,83.13144,0.02157,0.00906,0.24343,Healthy
JieZ_2017.metaphlan_bugs_list.stool:SAMEA104142361,32.23063,5.35423,49.30101,0.00922,0,12.09462,Healthy
JieZ_2017.metaphlan_bugs_list.stool:SAMEA104142362,25.40135,0.28201,69.56271,0,0,1.79985,Healthy
JieZ_2017.metaphlan_bugs_list.stool:SAMEA104142363,27.68918,2.27995,55.81688,0.00271,1.6397,12.52002,Healthy
JieZ_2017.metaphlan_bugs_list.stool:SAMEA104142364,10.03384,0.26995,54.47184,1.21104,0,31.85303,Healthy
JieZ_2017.metaphlan_bugs_list.stool:SAMEA104142365,22.47647,1.02291,64.66978,0,1.41282,8.92653,Healthy
JieZ_2017.metaphlan_bugs_list.stool:SAMEA104142366,63.92798,12.46988,19.44695,0,0.03478,4.10085,Healthy
JieZ_2017.metaphlan_bugs_list.stool:SAMEA104142367,22.0655,0.51084,61.18049,0.0029,0.08856,15.24257,Healthy
JieZ_2017.metaphlan_bugs_list.stool:SAMEA104142368,30.21691,0.06354,65.88477,0,0,2.44526,Healthy
JieZ_2017.metaphlan_bugs_list.stool:SAMEA104142369,29.39523,3.47811,51.79244,0,0,14.633,Healthy
JieZ_2017.metaphlan_bugs_list.stool:SAMEA104142370,38.72579,0.03525,58.50689,0.58608,0,0.93171,Healthy
JieZ_2017.metaphlan_bugs_list.stool:SAMEA104142371,15.85596,3.23769,53.68808,0,0,24.32949,Healthy
JieZ_2017.metaphlan_bugs_list.stool:SAMEA104142372,16.06415,0.82611,78.39995,0.00409,0,1.49027,Healthy
JieZ_2017.metaphlan_bugs_list.stool:SAMEA104142373,29.64743,0.54089,65.81958,0.35393,0,2.66578,Healthy
JieZ_2017.metaphlan_bugs_list.stool:SAMEA104142374,37.36523,0.28471,60.77969,0,0,1.57037,Healthy
LiJ_2014.metaphlan_bugs_list.stool:DLF005-IE,52.66221,0.85233,45.31089,0,0,1.17457,Healthy
LiJ_2014.metaphlan_bugs_list.stool:DLM006-IE,69.75102,0.28417,28.72939,0.12257,0.00419,1.10866,Healthy
LiJ_2014.metaphlan_bugs_list.stool:DOM005-IE,13.01683,0.17423,52.7177,0.00893,0,30.82454,Healthy
LiJ_2014.metaphlan_bugs_list.stool:DOM017-IE,42.84861,0.10203,54.56127,0,0,1.21513,Healthy
LiJ_2014.metaphlan_bugs_list.stool:NLF002-IE,38.86224,0.25034,59.12153,0,0,1.73082,Healthy
LiJ_2014.metaphlan_bugs_list.stool:NLF009-IE,38.35013,0.27817,58.75018,0,0,2.62152,Healthy
LiJ_2014.metaphlan_bugs_list.stool:NLM009-IE,23.36702,0.7469,74.53181,0,0,1.35096,Healthy
LiJ_2014.metaphlan_bugs_list.stool:NLM025-IE,37.10004,0.99711,55.34083,0.21471,1.53804,4.80927,Healthy
LiJ_2014.metaphlan_bugs_list.stool:NOF002-IE,28.54666,2.05748,62.36386,0,0.00632,6.86757,Healthy
LiJ_2014.metaphlan_bugs_list.stool:NOF007-IE,39.73107,2.02933,57.35567,0,0,0.81956,Healthy
LiJ_2014.metaphlan_bugs_list.stool:NOF013-IE,43.93034,1.68158,52.96171,0,0.00271,1.38775,Healthy
YeZ_2018.metaphlan_bugs_list.stool:YEZ_N-48,1.96672,0.05607,91.73539,0,0,6.18997,Healthy
YeZ_2018.metaphlan_bugs_list.stool:YEZ_N-47,6.96228,0.08584,15.3005,0.00057,0,77.6508,Healthy
YeZ_2018.metaphlan_bugs_list.stool:YEZ_N-10,17.80649,0.11147,78.6659,0,0,3.41615,Healthy
YeZ_2018.metaphlan_bugs_list.stool:YEZ_N-9,4.64972,0.00543,91.04639,0,0,2.6579,Healthy
YeZ_2018.metaphlan_bugs_list.stool:YEZ_N-8,19.4522,2.92988,67.03823,0,0,10.34147,Healthy
YeZ_2018.metaphlan_bugs_list.stool:YEZ_N-1,4.0134,0.91351,72.55525,0,0,22.51784,Healthy
YeZ_2018.metaphlan_bugs_list.stool:YEZ_N-14,46.89073,0.12844,42.81644,0,0,10.16227,Healthy
YeZ_2018.metaphlan_bugs_list.stool:YEZ_N-13,17.04906,0.58821,77.78864,0,0,4.31613,Healthy
YeZ_2018.metaphlan_bugs_list.stool:YEZ_N-12,14.78677,0.11016,76.80767,0,0.11614,8.17927,Healthy
YeZ_2018.metaphlan_bugs_list.stool:YEZ_N-11,9.93597,0.144,89.21542,0,0.05986,0.64475,Healthy
YeZ_2018.metaphlan_bugs_list.stool:YEZ_N-15,10.22683,0.06606,86.81911,0,0,2.87083,Healthy
YeZ_2018.metaphlan_bugs_list.stool:YEZ_N-17,13.31238,2.85118,79.17177,0,0,4.65434,Healthy
YeZ_2018.metaphlan_bugs_list.stool:YEZ_N-16,22.10026,6.17638,68.96178,0,0,2.70316,Healthy
YeZ_2018.metaphlan_bugs_list.stool:YEZ_N-19,6.61724,0.01758,93.02942,0,0.00112,0.33463,Healthy
YeZ_2018.metaphlan_bugs_list.stool:YEZ_N-18,24.95663,0.99996,62.40621,0,0,11.56259,Healthy
YeZ_2018.metaphlan_bugs_list.stool:YEZ_N-2,6.71552,0.29977,76.94363,0,0,10.41575,Healthy
YeZ_2018.metaphlan_bugs_list.stool:YEZ_N-21,5.40818,0.2366,91.54673,0,0.06432,2.47163,Healthy
YeZ_2018.metaphlan_bugs_list.stool:YEZ_N-20,8.63634,0.15608,80.348,0,0.22301,10.63657,Healthy
YeZ_2018.metaphlan_bugs_list.stool:YEZ_N-23,3.58085,0.09356,94.86467,0,0,1.46092,Healthy
YeZ_2018.metaphlan_bugs_list.stool:YEZ_N-22,15.3829,0.59835,81.80584,0,0,2.15629,Healthy
YeZ_2018.metaphlan_bugs_list.stool:YEZ_N-24,12.28525,0.22808,83.60624,0,0,3.86931,Healthy
YeZ_2018.metaphlan_bugs_list.stool:YEZ_N-29,29.08769,0.00662,68.52491,0,0.0395,2.34128,Healthy
YeZ_2018.metaphlan_bugs_list.stool:YEZ_N-25,3.79393,0.11516,90.61555,0,0,5.41102,Healthy
YeZ_2018.metaphlan_bugs_list.stool:YEZ_N-26,40.14713,0.36165,55.79813,0,0,3.69309,Healthy
YeZ_2018.metaphlan_bugs_list.stool:YEZ_N-27,43.9149,1.35333,50.20788,0,0.00152,4.52238,Healthy
YeZ_2018.metaphlan_bugs_list.stool:YEZ_N-28,2.52985,0.03255,95.46961,0,0,1.968,Healthy
YeZ_2018.metaphlan_bugs_list.stool:YEZ_N-3,7.98426,0.71084,15.47424,0,0,75.81901,Healthy
YeZ_2018.metaphlan_bugs_list.stool:YEZ_N-36,2.91537,21.1965,53.11231,0,0.12993,22.24952,Healthy
YeZ_2018.metaphlan_bugs_list.stool:YEZ_N-35,13.95358,0.90934,83.18627,0,0.00254,1.67447,Healthy
YeZ_2018.metaphlan_bugs_list.stool:YEZ_N-39,31.29755,1.18882,61.03889,0,0,6.20447,Healthy
YeZ_2018.metaphlan_bugs_list.stool:YEZ_N-30,11.8002,0.07504,86.96165,0,0,1.14826,Healthy
YeZ_2018.metaphlan_bugs_list.stool:YEZ_N-31,10.9674,6.00E-04,78.21556,0,6.28721,4.46814,Healthy
YeZ_2018.metaphlan_bugs_list.stool:YEZ_N-32,11.07255,0.2253,84.026,0,0,4.66569,Healthy
YeZ_2018.metaphlan_bugs_list.stool:YEZ_N-33,11.59588,0.05527,83.5351,0,0.30241,4.50672,Healthy
YeZ_2018.metaphlan_bugs_list.stool:YEZ_N-34,1.04796,0.0197,90.51335,0,0,8.40501,Healthy
YeZ_2018.metaphlan_bugs_list.stool:YEZ_N-38,10.95434,0.04233,85.7887,0,0,2.93813,Healthy
YeZ_2018.metaphlan_bugs_list.stool:YEZ_N-37,6.98976,0.21855,86.13139,0,0,6.54276,Healthy
YeZ_2018.metaphlan_bugs_list.stool:YEZ_N-42,16.52734,0.12665,78.70528,0,0,4.00585,Healthy
YeZ_2018.metaphlan_bugs_list.stool:YEZ_N-41,2.07295,0,96.83555,0,0,1.09149,Healthy
YeZ_2018.metaphlan_bugs_list.stool:YEZ_N-40,11.45343,1.02681,82.17653,0,0,5.31438,Healthy
YeZ_2018.metaphlan_bugs_list.stool:YEZ_N-44,31.72172,0.39924,64.00302,0,0.25616,3.61986,Healthy
YeZ_2018.metaphlan_bugs_list.stool:YEZ_N-43,3.81572,4.76201,74.97506,0,0.62757,15.76387,Healthy
YeZ_2018.metaphlan_bugs_list.stool:YEZ_N-4,7.28085,0.02073,90.05177,0,0.17916,2.45717,Healthy
YeZ_2018.metaphlan_bugs_list.stool:YEZ_N-45,54.76636,0.09741,33.04451,0,0.00863,3.19425,Healthy
YeZ_2018.metaphlan_bugs_list.stool:YEZ_N-46,14.58655,5.83363,70.69513,0,0.00358,8.88111,Healthy
SRR12325998,35.2180163,15.604536,21.7377416,0,0,19.9648618,Covid-19 patient
SRR12326001,55.9293075,13.5084628,14.8646484,5.34E-03,0,9.6161034,Covid-19 patient
SRR12326023,26.3426714,3.6965382,2.4295959,0,0,66.9474724,Covid-19 patient
SRR12326030,42.9861904,18.5754335,16.1353961,0,0,14.6506074,Covid-19 patient
SRR12326031,70.1174701,3.477808,16.5890284,0,0,9.1733696,Covid-19 patient
SRR12326033,41.4338655,8.0387685,34.9059293,0,0,13.5974914,Covid-19 patient
SRR12326036,50.0189167,2.3177011,44.1613344,0,0,3.1450989,Covid-19 patient
SRR12326038,39.3685666,5.8073437,30.3041942,0,0,21.4165002,Covid-19 patient
SRR12326041,50.1136733,5.2885136,34.3130887,0,0,8.4984302,Covid-19 patient
SRR12326043,47.2580743,5.0415076,32.5031812,0,0,12.4644004,Covid-19 patient
SRR12326045,63.6754007,11.0791487,3.9688992,0,0,17.2492861,Covid-19 patient
SRR12326046,67.0303934,3.0819183,21.3818066,0,0,7.0261351,Covid-19 patient
SRR12326048,59.5868037,5.7371552,32.2444565,0,0,2.1438615,Covid-19 patient
SRR12326050,54.4498836,8.8676671,19.4928176,0,0,15.1111468,Covid-19 patient
SRR12326053,46.5300546,16.5191257,24.4535519,0,0,9.3278689,Covid-19 patient
SRR12326055,68.9669749,5.0990753,14.9590489,0,0,9.3738441,Covid-19 patient
SRR12326058,57.1372615,5.461362,15.1922108,0,0,20.6367859,Covid-19 patient
SRR12326060,62.0686701,28.2489828,8.3289314,0,0,1.026483,Covid-19 patient
SRR12326062,57.3692946,3.2282158,27.0124481,0,0,8.3651452,Covid-19 patient
SRR12326065,57.6032235,1.7567084,35.7719178,0,2.90E-03,4.5599049,Covid-19 patient
SRR12326067,25.0068524,14.984011,4.6779351,0,0,44.8286889,Covid-19 patient
SRR12326068,43.6587147,8.8972736,17.2894352,0,0,28.0063291,Covid-19 patient
SRR12326070,25.7117036,12.2307576,10.3529648,0,0,44.1532359,Covid-19 patient
SRR12326072,30.1260625,10.7869353,13.4562124,0,0,27.8005921,Covid-19 patient
SRR12326074,15.3262478,4.684515,17.4680479,0.0295977,0,56.5155388,Covid-19 patient
SRR12326077,40.0065367,8.9821971,11.0220325,0,0,28.5038643,Covid-19 patient
SRR12326081,34.6436871,17.4928996,9.6953266,0,0,25.8391428,Covid-19 patient
SRR12326082,34.9671249,5.4393305,15.0029886,0,0,41.063957,Covid-19 patient
SRR12326084,14.503183,4.3730971,24.5502353,0,0,53.6949903,Covid-19 patient
SRR12326087,38.9119102,13.7682128,5.4805507,0,0,36.2384708,Covid-19 patient
SRR12326090,27.5247525,6.7986799,11.6831683,0,0,46.2046205,Covid-19 patient
SRR12326103,26.0198505,19.5750077,10.4892659,0,0,32.3116611,Covid-19 patient
SRR12326113,21.8721322,6.2506373,50.5965127,0,0,8.5347201,Covid-19 patient
SRR12326121,46.3656611,6.9042316,13.8692043,0,0,18.0805831,Covid-19 patient
SRR12326122,57.4349442,7.1251549,13.9405204,0,0,16.1090458,Covid-19 patient
SRR12326123,19.2735794,5.9753954,16.9888694,0,0,55.4774458,Covid-19 patient
SRR12326124,21.0478771,6.9858476,36.9467028,0,0,27.3411623,Covid-19 patient
SRR12326125,21.599102,7.8875793,9.5799335,0,0,49.0350991,Covid-19 patient
SRR12326128,32.19122,5.9016187,14.1525477,0,0,44.5550167,Covid-19 patient
SRR12326129,22.4291104,1.7646343,36.8869417,0,0,15.3218936,Covid-19 patient
SRR12326133,22.3125231,3.0661249,24.824529,0,0,39.0099741,Covid-19 patient
SRR12326134,54.5801527,9.2239186,5.8524173,0,0,27.480916,Covid-19 patient
SRR12326139,14.7254285,3.5327037,34.8373557,0,0,41.3081497,Covid-19 patient
SRR12326147,33.0915951,8.111507,7.6336198,0,0,45.9945504,Covid-19 patient
SRR12326148,7.4906367,1.1235955,5.8426966,0,0,84.4194757,Covid-19 patient
SRR12326150,28.0159884,12.8270349,29.869186,0,0,23.619186,Covid-19 patient
SRR12326154,33.5443038,8.9240506,10.3164557,0,0.1265823,41.835443,Covid-19 patient
SRR12326167,17.7235189,3.6050269,10.5709156,0.2728905,0,44.7181329,Covid-19 patient
